{
  "hash": "04e8a8d4",
  "configHash": "b0db6005",
  "lockfileHash": "96c79c86",
  "browserHash": "8e980b7d",
  "optimized": {
    "@angular/core": {
      "src": "../../../../../node_modules/@angular/core/fesm2022/core.mjs",
      "file": "@angular_core.js",
      "fileHash": "7780fe2c",
      "needsInterop": false
    },
    "@angular/platform-browser": {
      "src": "../../../../../node_modules/@angular/platform-browser/fesm2022/platform-browser.mjs",
      "file": "@angular_platform-browser.js",
      "fileHash": "57aae424",
      "needsInterop": false
    },
    "@angular/router": {
      "src": "../../../../../node_modules/@angular/router/fesm2022/router.mjs",
      "file": "@angular_router.js",
      "fileHash": "47024bda",
      "needsInterop": false
    },
    "@angular/common": {
      "src": "../../../../../node_modules/@angular/common/fesm2022/common.mjs",
      "file": "@angular_common.js",
      "fileHash": "70f1d4f0",
      "needsInterop": false
    },
    "tslib": {
      "src": "../../../../../node_modules/tslib/tslib.es6.mjs",
      "file": "tslib.js",
      "fileHash": "1d8feaee",
      "needsInterop": false
    },
    "rxjs": {
      "src": "../../../../../node_modules/rxjs/dist/esm5/index.js",
      "file": "rxjs.js",
      "fileHash": "63d23ea1",
      "needsInterop": false
    }
  },
  "chunks": {
    "chunk-HRMIJM6R": {
      "file": "chunk-HRMIJM6R.js"
    },
    "chunk-UNARNFNM": {
      "file": "chunk-UNARNFNM.js"
    },
    "chunk-75CYXBQ5": {
      "file": "chunk-75CYXBQ5.js"
    },
    "chunk-KN5IZJXX": {
      "file": "chunk-KN5IZJXX.js"
    },
    "chunk-XKUCMAFN": {
      "file": "chunk-XKUCMAFN.js"
    }
  }
}