{
  "hash": "87558d0e",
  "configHash": "98ed354b",
  "lockfileHash": "7724b39e",
  "browserHash": "0486dcee",
  "optimized": {
    "@angular/core": {
      "src": "../../../../../node_modules/@angular/core/fesm2022/core.mjs",
      "file": "@angular_core.js",
      "fileHash": "7519acd5",
      "needsInterop": false
    },
    "@angular/platform-browser": {
      "src": "../../../../../node_modules/@angular/platform-browser/fesm2022/platform-browser.mjs",
      "file": "@angular_platform-browser.js",
      "fileHash": "350d79ae",
      "needsInterop": false
    },
    "@angular/router": {
      "src": "../../../../../node_modules/@angular/router/fesm2022/router.mjs",
      "file": "@angular_router.js",
      "fileHash": "f5d921fb",
      "needsInterop": false
    },
    "@angular/common": {
      "src": "../../../../../node_modules/@angular/common/fesm2022/common.mjs",
      "file": "@angular_common.js",
      "fileHash": "25b87509",
      "needsInterop": false
    }
  },
  "chunks": {
    "chunk-XK5SYI5D": {
      "file": "chunk-XK5SYI5D.js"
    },
    "chunk-PPY3APMN": {
      "file": "chunk-PPY3APMN.js"
    },
    "chunk-ZDDPHS7B": {
      "file": "chunk-ZDDPHS7B.js"
    }
  }
}